{"client_meta":{"background_color":{"r":0.9607843160629272,"g":0.9607843160629272,"b":0.9607843160629272,"a":1},"thumbnail_size":{"width":400,"height":304},"render_coordinates":{"x":0.1669921875,"y":-0.27490234375,"width":2055.8330078125,"height":1561.16943359375}},"file_name":"Untitled","developer_related_links":[],"exported_at":"2026-05-24T15:26:24.456Z"}